RespondentID,cluster,name
3442648685,1,Content Hoarders
3442613675,1,Content Hoarders
3442862037,1,Content Hoarders
3386171654,1,Content Hoarders
3402980252,1,Content Hoarders
3441659955,1,Content Hoarders
3441580099,1,Content Hoarders
3442042134,1,Content Hoarders
3441619092,1,Content Hoarders
3441618775,1,Content Hoarders
3389687371,1,Content Hoarders
3415338795,1,Content Hoarders
3385429721,1,Content Hoarders
3442359786,1,Content Hoarders
3445493808,1,Content Hoarders
3402769731,1,Content Hoarders
3441817846,1,Content Hoarders
3441781016,1,Content Hoarders
3441662617,1,Content Hoarders
3441668705,1,Content Hoarders
3441595909,1,Content Hoarders
3441797297,1,Content Hoarders
3441605611,1,Content Hoarders
3442854304,1,Content Hoarders
3457734292,1,Content Hoarders
3441704002,1,Content Hoarders
3441620852,1,Content Hoarders
3401864221,1,Content Hoarders
3441574849,1,Content Hoarders
3441779106,1,Content Hoarders
3441626073,1,Content Hoarders
3442074311,1,Content Hoarders
3442928669,1,Content Hoarders
3398524239,1,Content Hoarders
3441910932,1,Content Hoarders
3441621527,1,Content Hoarders
3401822753,1,Content Hoarders
3441619465,1,Content Hoarders
3441620218,1,Content Hoarders
3441591986,1,Content Hoarders
3388649867,1,Content Hoarders
3442015645,1,Content Hoarders
3441749180,1,Content Hoarders
3441672094,1,Content Hoarders
3454592074,1,Content Hoarders
3441989563,1,Content Hoarders
3385284975,1,Content Hoarders
3441669563,1,Content Hoarders
3441725572,1,Content Hoarders
3442049738,1,Content Hoarders
3441738427,1,Content Hoarders
3441620503,1,Content Hoarders
3449002494,1,Content Hoarders
3450152105,1,Content Hoarders
3393530092,1,Content Hoarders
3441965521,1,Content Hoarders
3441779120,1,Content Hoarders
3404127315,1,Content Hoarders
3455124676,1,Content Hoarders
3445767834,1,Content Hoarders
3442291355,1,Content Hoarders
3403996427,1,Content Hoarders
3446958438,1,Content Hoarders
3403865190,1,Content Hoarders
3385314047,1,Content Hoarders
3446774345,1,Content Hoarders
3402203407,1,Content Hoarders
3401755060,1,Content Hoarders
3401863086,1,Content Hoarders
3442107210,1,Content Hoarders
3441596194,1,Content Hoarders
3441670944,1,Content Hoarders
3394874714,1,Content Hoarders
3404053010,1,Content Hoarders
3441871441,1,Content Hoarders
3386118552,1,Content Hoarders
3386035841,1,Content Hoarders
3385442849,1,Content Hoarders
3393797125,1,Content Hoarders
3445138325,1,Content Hoarders
3385657992,1,Content Hoarders
3385419432,1,Content Hoarders
3441570142,1,Content Hoarders
3388508731,1,Content Hoarders
3441587505,1,Content Hoarders
3445762674,1,Content Hoarders
3441623470,1,Content Hoarders
3441653695,1,Content Hoarders
3441567428,1,Content Hoarders
3385518805,1,Content Hoarders
3409243473,1,Content Hoarders
3441598920,1,Content Hoarders
3443982495,1,Content Hoarders
3441967972,1,Content Hoarders
3385769360,1,Content Hoarders
3387839001,1,Content Hoarders
3388178031,1,Content Hoarders
3442201146,1,Content Hoarders
3402901723,1,Content Hoarders
3442766582,1,Content Hoarders
3441603527,1,Content Hoarders
3385305179,1,Content Hoarders
3385585443,1,Content Hoarders
3386217538,1,Content Hoarders
3441583302,1,Content Hoarders
3385556885,1,Content Hoarders
3441634871,1,Content Hoarders
3385440252,1,Content Hoarders
3442027624,1,Content Hoarders
3441574957,1,Content Hoarders
3386167456,1,Content Hoarders
3441574916,1,Content Hoarders
3386585489,1,Content Hoarders
3385431560,1,Content Hoarders
3403174496,1,Content Hoarders
3387483791,1,Content Hoarders
3385333664,1,Content Hoarders
3442146725,1,Content Hoarders
3441980955,1,Content Hoarders
3387440679,1,Content Hoarders
3403019137,1,Content Hoarders
3443093084,1,Content Hoarders
3385295939,1,Content Hoarders
3441564339,1,Content Hoarders
3437158305,1,Content Hoarders
3401794549,1,Content Hoarders
3395959295,1,Content Hoarders
3441615978,1,Content Hoarders
3441797356,1,Content Hoarders
3441612821,1,Content Hoarders
3401844427,1,Content Hoarders
3441693814,1,Content Hoarders
3442223014,1,Content Hoarders
3385312908,1,Content Hoarders
3441572999,1,Content Hoarders
3387857186,1,Content Hoarders
3387809911,1,Content Hoarders
3403540356,1,Content Hoarders
3441933015,1,Content Hoarders
3402665928,1,Content Hoarders
3441928736,1,Content Hoarders
3404054802,1,Content Hoarders
3441874306,1,Content Hoarders
3441586284,1,Content Hoarders
3444077165,1,Content Hoarders
3385298618,1,Content Hoarders
3385319624,1,Content Hoarders
3441716849,1,Content Hoarders
3388227942,1,Content Hoarders
3441634160,1,Content Hoarders
3441597312,1,Content Hoarders
3386648709,1,Content Hoarders
3442460266,1,Content Hoarders
3441595464,1,Content Hoarders
3385675676,1,Content Hoarders
3444294518,1,Content Hoarders
3401784985,1,Content Hoarders
3385723757,1,Content Hoarders
3441652489,1,Content Hoarders
3385562091,1,Content Hoarders
3386259726,1,Content Hoarders
3441588197,1,Content Hoarders
3442169782,1,Content Hoarders
3441616209,1,Content Hoarders
3385309823,1,Content Hoarders
3391914345,1,Content Hoarders
3402750905,1,Content Hoarders
3402567628,1,Content Hoarders
3448739515,1,Content Hoarders
3385628654,1,Content Hoarders
3441624091,1,Content Hoarders
3402095562,1,Content Hoarders
3441611288,1,Content Hoarders
3385347203,1,Content Hoarders
3441578584,1,Content Hoarders
3385377712,1,Content Hoarders
3441603711,1,Content Hoarders
3386311709,1,Content Hoarders
3385732858,1,Content Hoarders
3405302749,1,Content Hoarders
3385489299,1,Content Hoarders
3389672565,1,Content Hoarders
3443797563,2,Ambivalents
3407261345,2,Ambivalents
3458175673,2,Ambivalents
3449944342,2,Ambivalents
3442360293,2,Ambivalents
3397902533,2,Ambivalents
3441591959,2,Ambivalents
3441593023,2,Ambivalents
3442123892,2,Ambivalents
3406142195,2,Ambivalents
3401948409,2,Ambivalents
3401759611,2,Ambivalents
3442185577,2,Ambivalents
3386578729,2,Ambivalents
3441869988,2,Ambivalents
3401838178,2,Ambivalents
3445677380,2,Ambivalents
3385508680,2,Ambivalents
3401768062,2,Ambivalents
3386503865,2,Ambivalents
3387422242,2,Ambivalents
3441578633,2,Ambivalents
3448784345,2,Ambivalents
3442815864,2,Ambivalents
3385840880,2,Ambivalents
3442277764,2,Ambivalents
3441654522,2,Ambivalents
3441722951,2,Ambivalents
3385810393,2,Ambivalents
3402265141,2,Ambivalents
3401953190,2,Ambivalents
3385383334,2,Ambivalents
3403039634,2,Ambivalents
3442203724,2,Ambivalents
3385765900,2,Ambivalents
3387044383,2,Ambivalents
3401952655,2,Ambivalents
3386392052,2,Ambivalents
3386582509,2,Ambivalents
3385723018,2,Ambivalents
3441638331,2,Ambivalents
3387587852,2,Ambivalents
3385517484,2,Ambivalents
3441598142,2,Ambivalents
3390002286,2,Ambivalents
3385485410,2,Ambivalents
3441757216,2,Ambivalents
3441735926,2,Ambivalents
3441590420,2,Ambivalents
3434727600,2,Ambivalents
3441731269,2,Ambivalents
3385639265,2,Ambivalents
3385431474,2,Ambivalents
3385520270,2,Ambivalents
3388427273,2,Ambivalents
3442710663,2,Ambivalents
3441575457,2,Ambivalents
3386341438,2,Ambivalents
3401879334,2,Ambivalents
3442672493,2,Ambivalents
3388183419,2,Ambivalents
3441758350,2,Ambivalents
3385765698,2,Ambivalents
3386316387,2,Ambivalents
3441797706,2,Ambivalents
3385490740,2,Ambivalents
3385323683,2,Ambivalents
3401757327,2,Ambivalents
3442741460,2,Ambivalents
3394506347,2,Ambivalents
3403930238,2,Ambivalents
3441970244,2,Ambivalents
3441565098,2,Ambivalents
3441896689,2,Ambivalents
3385318706,2,Ambivalents
3385437515,2,Ambivalents
3401751280,2,Ambivalents
3441577993,2,Ambivalents
3442090077,2,Ambivalents
3442548814,2,Ambivalents
3386827266,2,Ambivalents
3441700001,2,Ambivalents
3429475163,2,Ambivalents
3441758818,2,Ambivalents
3442145514,2,Ambivalents
3403930740,2,Ambivalents
3385384015,2,Ambivalents
3385347251,2,Ambivalents
3387497429,2,Ambivalents
3441660029,2,Ambivalents
3441617075,2,Ambivalents
3386412046,2,Ambivalents
3386952361,2,Ambivalents
3442100153,2,Ambivalents
3386300331,2,Ambivalents
3388458613,2,Ambivalents
3441795143,2,Ambivalents
3441611235,2,Ambivalents
3401777671,2,Ambivalents
3386214662,2,Ambivalents
3441702863,2,Ambivalents
3385396281,2,Ambivalents
3385295356,2,Ambivalents
3441643483,2,Ambivalents
3385453049,2,Ambivalents
3441617309,2,Ambivalents
3401786961,2,Ambivalents
3401852412,2,Ambivalents
3387118412,2,Ambivalents
3388007568,2,Ambivalents
3385360481,2,Ambivalents
3385356549,2,Ambivalents
3441589720,2,Ambivalents
3385487469,2,Ambivalents
3441873661,2,Ambivalents
3402675771,2,Ambivalents
3402734116,2,Ambivalents
3385656400,2,Ambivalents
3402966662,2,Ambivalents
3385655785,2,Ambivalents
3441983944,2,Ambivalents
3388526651,2,Ambivalents
3391567894,2,Ambivalents
3386354353,2,Ambivalents
3441745002,2,Ambivalents
3403986071,2,Ambivalents
3388025576,2,Ambivalents
3442348883,3,Hunters&Gatherers
3388850156,3,Hunters&Gatherers
3444502072,3,Hunters&Gatherers
3401804944,3,Hunters&Gatherers
3441780565,3,Hunters&Gatherers
3444629165,3,Hunters&Gatherers
3441581330,3,Hunters&Gatherers
3442801507,3,Hunters&Gatherers
3403029325,3,Hunters&Gatherers
3441740137,3,Hunters&Gatherers
3442333011,3,Hunters&Gatherers
3442202656,3,Hunters&Gatherers
3441644938,3,Hunters&Gatherers
3441823596,3,Hunters&Gatherers
3442055631,3,Hunters&Gatherers
3387443630,3,Hunters&Gatherers
3444583523,3,Hunters&Gatherers
3441573028,3,Hunters&Gatherers
3441708376,3,Hunters&Gatherers
3442846641,3,Hunters&Gatherers
3446933807,3,Hunters&Gatherers
3441945122,3,Hunters&Gatherers
3441595623,3,Hunters&Gatherers
3401982571,3,Hunters&Gatherers
3406745139,3,Hunters&Gatherers
3441746096,3,Hunters&Gatherers
3390694342,3,Hunters&Gatherers
3401973940,3,Hunters&Gatherers
3403104583,3,Hunters&Gatherers
3442356074,3,Hunters&Gatherers
3442524571,3,Hunters&Gatherers
3441738169,3,Hunters&Gatherers
3442665129,3,Hunters&Gatherers
3404294950,3,Hunters&Gatherers
3396171486,3,Hunters&Gatherers
3441589333,3,Hunters&Gatherers
3441604845,3,Hunters&Gatherers
3444449442,3,Hunters&Gatherers
3443572859,3,Hunters&Gatherers
3442391778,3,Hunters&Gatherers
3441770185,3,Hunters&Gatherers
3423461741,3,Hunters&Gatherers
3441593495,3,Hunters&Gatherers
3386515587,3,Hunters&Gatherers
3402350611,3,Hunters&Gatherers
3442524019,3,Hunters&Gatherers
3446692482,3,Hunters&Gatherers
3439129571,3,Hunters&Gatherers
3442103621,3,Hunters&Gatherers
3386147339,3,Hunters&Gatherers
3399996050,3,Hunters&Gatherers
3441574417,3,Hunters&Gatherers
3442149417,3,Hunters&Gatherers
3442427120,3,Hunters&Gatherers
3441742964,3,Hunters&Gatherers
3443519794,3,Hunters&Gatherers
3442222317,3,Hunters&Gatherers
3386004296,3,Hunters&Gatherers
3401818366,3,Hunters&Gatherers
3385331546,3,Hunters&Gatherers
3444751217,3,Hunters&Gatherers
3441661201,3,Hunters&Gatherers
3444596160,3,Hunters&Gatherers
3442005777,3,Hunters&Gatherers
3442309339,3,Hunters&Gatherers
3399351689,3,Hunters&Gatherers
3441567266,3,Hunters&Gatherers
3401979372,3,Hunters&Gatherers
3386089818,3,Hunters&Gatherers
3441667124,3,Hunters&Gatherers
3442700447,3,Hunters&Gatherers
3441581924,3,Hunters&Gatherers
3402814409,3,Hunters&Gatherers
3441715456,3,Hunters&Gatherers
3441605113,3,Hunters&Gatherers
3386318844,3,Hunters&Gatherers
3443798643,3,Hunters&Gatherers
3441800809,3,Hunters&Gatherers
3441730951,3,Hunters&Gatherers
3441916798,3,Hunters&Gatherers
3386284744,3,Hunters&Gatherers
3386268736,3,Hunters&Gatherers
3385356766,3,Hunters&Gatherers
3441690762,3,Hunters&Gatherers
3443510150,3,Hunters&Gatherers
3442138661,3,Hunters&Gatherers
3441686263,3,Hunters&Gatherers
3442111107,3,Hunters&Gatherers
3385690204,3,Hunters&Gatherers
3442487059,3,Hunters&Gatherers
3385432674,3,Hunters&Gatherers
3447522533,3,Hunters&Gatherers
3386120106,3,Hunters&Gatherers
3389622128,3,Hunters&Gatherers
3441574313,3,Hunters&Gatherers
3442921510,3,Hunters&Gatherers
3442916354,3,Hunters&Gatherers
3385668574,3,Hunters&Gatherers
3401818745,3,Hunters&Gatherers
3457571271,3,Hunters&Gatherers
3406809716,3,Hunters&Gatherers
3401811236,3,Hunters&Gatherers
3387350708,3,Hunters&Gatherers
3406085874,3,Hunters&Gatherers
3403251844,3,Hunters&Gatherers
3388478766,3,Hunters&Gatherers
3402874274,3,Hunters&Gatherers
3442763003,3,Hunters&Gatherers
3402866595,3,Hunters&Gatherers
3450340351,3,Hunters&Gatherers
3385486691,3,Hunters&Gatherers
3401774893,3,Hunters&Gatherers
3441784063,3,Hunters&Gatherers
3404326100,3,Hunters&Gatherers
3387050452,3,Hunters&Gatherers
3385370691,3,Hunters&Gatherers
3442630906,3,Hunters&Gatherers
3442342416,3,Hunters&Gatherers
3443574589,3,Hunters&Gatherers
3441577642,3,Hunters&Gatherers
3442580889,3,Hunters&Gatherers
3441599425,3,Hunters&Gatherers
3441767773,3,Hunters&Gatherers
3447240797,3,Hunters&Gatherers
3401755885,3,Hunters&Gatherers
3401755443,3,Hunters&Gatherers
3403640172,3,Hunters&Gatherers
3441887713,3,Hunters&Gatherers
3385690373,3,Hunters&Gatherers
3442502991,3,Hunters&Gatherers
3401119178,3,Hunters&Gatherers
3385527808,3,Hunters&Gatherers
3399563371,3,Hunters&Gatherers
3412339812,3,Hunters&Gatherers
3441621913,3,Hunters&Gatherers
3403151995,3,Hunters&Gatherers
3385675023,3,Hunters&Gatherers
3398050934,3,Hunters&Gatherers
3385508929,3,Hunters&Gatherers
3393782567,3,Hunters&Gatherers
3445048853,3,Hunters&Gatherers
3396439005,3,Hunters&Gatherers
3441572280,3,Hunters&Gatherers
3402925919,3,Hunters&Gatherers
3385831110,3,Hunters&Gatherers
3442334446,3,Hunters&Gatherers
3395421247,3,Hunters&Gatherers
3441992966,3,Hunters&Gatherers
3385795107,3,Hunters&Gatherers
3441583702,3,Hunters&Gatherers
3441650552,3,Hunters&Gatherers
3441566189,3,Hunters&Gatherers
3441634880,3,Hunters&Gatherers
3393697827,3,Hunters&Gatherers
3386321391,3,Hunters&Gatherers
3404294687,3,Hunters&Gatherers
3401760363,3,Hunters&Gatherers
3386956755,3,Hunters&Gatherers
3441699436,3,Hunters&Gatherers
3447987414,3,Hunters&Gatherers
3441577649,3,Hunters&Gatherers
3441773899,3,Hunters&Gatherers
3385446298,3,Hunters&Gatherers
3441637600,3,Hunters&Gatherers
3402355217,3,Hunters&Gatherers
3386537168,3,Hunters&Gatherers
3441687951,3,Hunters&Gatherers
3441597497,3,Hunters&Gatherers
3441680744,3,Hunters&Gatherers
3402138070,3,Hunters&Gatherers
3385433814,3,Hunters&Gatherers
3441884877,3,Hunters&Gatherers
3386127545,3,Hunters&Gatherers
3385291528,3,Hunters&Gatherers
3441744063,3,Hunters&Gatherers
3402049119,3,Hunters&Gatherers
3398632538,3,Hunters&Gatherers
3441573222,3,Hunters&Gatherers
3388413019,3,Hunters&Gatherers
3441648161,3,Hunters&Gatherers
3442357573,3,Hunters&Gatherers
3385329790,3,Hunters&Gatherers
3387389185,3,Hunters&Gatherers
3401984594,3,Hunters&Gatherers
3385326280,3,Hunters&Gatherers
3385415907,3,Hunters&Gatherers
3442769126,3,Hunters&Gatherers
3405903386,3,Hunters&Gatherers
3388447086,3,Hunters&Gatherers
3385386610,3,Hunters&Gatherers
3394257398,3,Hunters&Gatherers
3420699248,3,Hunters&Gatherers
3385560046,3,Hunters&Gatherers
3441646512,3,Hunters&Gatherers
3441564729,3,Hunters&Gatherers
3385373402,3,Hunters&Gatherers
3385312413,3,Hunters&Gatherers
3441605064,3,Hunters&Gatherers
3401932314,3,Hunters&Gatherers
3441640081,3,Hunters&Gatherers
3441639485,3,Hunters&Gatherers
3401905936,3,Hunters&Gatherers
3386785390,3,Hunters&Gatherers
3386781765,3,Hunters&Gatherers
3441621518,3,Hunters&Gatherers
3401835753,3,Hunters&Gatherers
3385710261,3,Hunters&Gatherers
3386186180,3,Hunters&Gatherers
3403604014,3,Hunters&Gatherers
3386662957,3,Hunters&Gatherers
3403494915,3,Hunters&Gatherers
3386594867,3,Hunters&Gatherers
3442980564,3,Hunters&Gatherers
3385432394,3,Hunters&Gatherers
3386119387,3,Hunters&Gatherers
3387197889,3,Hunters&Gatherers
3394642762,3,Hunters&Gatherers
3441566335,3,Hunters&Gatherers
3442541903,3,Hunters&Gatherers
3387117758,3,Hunters&Gatherers
3404821953,3,Hunters&Gatherers
3401755428,3,Hunters&Gatherers
3385298144,3,Hunters&Gatherers
3385656462,3,Hunters&Gatherers
3385495857,3,Hunters&Gatherers
3385591595,3,Hunters&Gatherers
3401758909,3,Hunters&Gatherers
3385729734,3,Hunters&Gatherers
3401844228,3,Hunters&Gatherers
3401896856,3,Hunters&Gatherers
3385323263,3,Hunters&Gatherers
3401759934,3,Hunters&Gatherers
3441599078,3,Hunters&Gatherers
3386690673,3,Hunters&Gatherers
3385779038,3,Hunters&Gatherers
3385656784,3,Hunters&Gatherers
3385338733,3,Hunters&Gatherers
3401997652,3,Hunters&Gatherers
3385840281,3,Hunters&Gatherers
3385326592,3,Hunters&Gatherers
3385308193,3,Hunters&Gatherers
3385815792,3,Hunters&Gatherers
3447478704,3,Hunters&Gatherers
3385454674,3,Hunters&Gatherers
3442041473,4,Digital
3393099273,4,Digital
3443945725,4,Digital
3386503698,4,Digital
3457177365,4,Digital
3442224426,4,Digital
3388101816,4,Digital
3442019022,4,Digital
3441886443,4,Digital
3441886944,4,Digital
3411930236,4,Digital
3442371381,4,Digital
3387933149,4,Digital
3441593769,4,Digital
3441845325,4,Digital
3441739736,4,Digital
3402789887,4,Digital
3457014555,4,Digital
3386447782,4,Digital
3441625129,4,Digital
3441569253,4,Digital
3401982047,4,Digital
3441730470,4,Digital
3428544808,4,Digital
3399335638,4,Digital
3402046985,4,Digital
3441585655,4,Digital
3441666139,4,Digital
3441718907,4,Digital
3441840073,4,Digital
3385506721,4,Digital
3386319884,4,Digital
3385468372,4,Digital
3441671780,4,Digital
3442473914,4,Digital
3386414981,4,Digital
3405835424,4,Digital
3447758848,4,Digital
3401895895,4,Digital
3441577012,4,Digital
3441792239,4,Digital
3442142228,4,Digital
3441575924,4,Digital
3441606500,4,Digital
3385707727,4,Digital
3402151508,4,Digital
3385466788,4,Digital
3387297937,4,Digital
3402122935,4,Digital
3441638643,4,Digital
3442453244,4,Digital
3402069305,4,Digital
3389619586,4,Digital
3389504711,4,Digital
3442914145,4,Digital
3385424649,4,Digital
3385860257,4,Digital
3441665436,4,Digital
3402005228,4,Digital
3389844277,4,Digital
3389692189,4,Digital
3385493146,4,Digital
3441670894,4,Digital
3441587445,4,Digital
3385490255,4,Digital
3452880929,4,Digital
3441652517,4,Digital
3402841910,4,Digital
3388280191,4,Digital
3402817176,4,Digital
3386324581,4,Digital
3385475538,4,Digital
3441645706,4,Digital
3385750552,4,Digital
3385465458,4,Digital
3388484954,4,Digital
3391410755,4,Digital
3390837777,4,Digital
3390695132,4,Digital
3385360036,4,Digital
3385722285,4,Digital
3386251782,4,Digital
3441901113,4,Digital
3385440541,4,Digital
3441575273,4,Digital
3385346229,4,Digital
3385345945,4,Digital
3385341661,4,Digital
3385688037,4,Digital
3403274718,4,Digital
3441574452,4,Digital
3385335477,4,Digital
3385335111,4,Digital
3411133284,4,Digital
3389344869,4,Digital
3441849019,4,Digital
3385664961,4,Digital
3385659995,4,Digital
3441837035,4,Digital
3441733834,4,Digital
3441659361,4,Digital
3401802934,4,Digital
3385324571,4,Digital
3385824264,4,Digital
3385323334,4,Digital
3385394359,4,Digital
3385322091,4,Digital
3401777835,4,Digital
3385621050,4,Digital
3404952248,4,Digital
3401770466,4,Digital
3385613022,4,Digital
3385607239,4,Digital
3387049901,4,Digital
3385365556,4,Digital
3385362238,4,Digital
3442600352,4,Digital
3386835225,4,Digital
3385582948,4,Digital
3385302850,4,Digital
3401756825,4,Digital
3441905238,4,Digital
3386732783,4,Digital
3418879871,4,Digital
3418726286,4,Digital
3386650485,4,Digital
3442504567,4,Digital
3385295153,4,Digital
3385293809,4,Digital
3385292602,4,Digital
3385524631,4,Digital
3385520927,4,Digital
3385289586,4,Digital
3441593997,4,Digital
3458278450,5,Conventionalist
3445557705,5,Conventionalist
3402028607,5,Conventionalist
3397043699,5,Conventionalist
3396907820,5,Conventionalist
3457018521,5,Conventionalist
3442351843,5,Conventionalist
3456132740,5,Conventionalist
3456033379,5,Conventionalist
3455788232,5,Conventionalist
3455143645,5,Conventionalist
3441587351,5,Conventionalist
3402869097,5,Conventionalist
3385487769,5,Conventionalist
3452062662,5,Conventionalist
3451868713,5,Conventionalist
3450933487,5,Conventionalist
3441715994,5,Conventionalist
3442219132,5,Conventionalist
3393472809,5,Conventionalist
3388114229,5,Conventionalist
3448860652,5,Conventionalist
3442195463,5,Conventionalist
3441700747,5,Conventionalist
3442178761,5,Conventionalist
3385447032,5,Conventionalist
3441698499,5,Conventionalist
3441695132,5,Conventionalist
3441576255,5,Conventionalist
3390174856,5,Conventionalist
3443424970,5,Conventionalist
3389998800,5,Conventionalist
3441575190,5,Conventionalist
3446665156,5,Conventionalist
3446604481,5,Conventionalist
3446542023,5,Conventionalist
3446277989,5,Conventionalist
3445895302,5,Conventionalist
3441670040,5,Conventionalist
3385429929,5,Conventionalist
3441573546,5,Conventionalist
3441863237,5,Conventionalist
3408729928,5,Conventionalist
3441665709,5,Conventionalist
3441572885,5,Conventionalist
3441572747,5,Conventionalist
3388619564,5,Conventionalist
3442007381,5,Conventionalist
3401984366,5,Conventionalist
3442005529,5,Conventionalist
3441997661,5,Conventionalist
3441567660,5,Conventionalist
3444274153,5,Conventionalist
3444249475,5,Conventionalist
3401973792,5,Conventionalist
3444042882,5,Conventionalist
3443983476,5,Conventionalist
3388192918,5,Conventionalist
3443971417,5,Conventionalist
3443968751,5,Conventionalist
3385603498,5,Conventionalist
3441938657,5,Conventionalist
3441641212,5,Conventionalist
3443693834,5,Conventionalist
3443629864,5,Conventionalist
3443591775,5,Conventionalist
3387933509,5,Conventionalist
3401893957,5,Conventionalist
3401888986,5,Conventionalist
3419059013,5,Conventionalist
3401879603,5,Conventionalist
3401866638,5,Conventionalist
3443091330,5,Conventionalist
3442995961,5,Conventionalist
3442995323,5,Conventionalist
3442983609,5,Conventionalist
3441877902,5,Conventionalist
3442972215,5,Conventionalist
3442964184,5,Conventionalist
3385675232,5,Conventionalist
3401837302,5,Conventionalist
3441740237,5,Conventionalist
3402034673,5,Conventionalist
3407279596,5,Conventionalist
3402022432,5,Conventionalist
3401811937,5,Conventionalist
3385328201,5,Conventionalist
3402939707,5,Conventionalist
3442798509,5,Conventionalist
3442789129,5,Conventionalist
3441800011,5,Conventionalist
3387206956,5,Conventionalist
3441615960,5,Conventionalist
3401779917,5,Conventionalist
3442730244,5,Conventionalist
3405179362,5,Conventionalist
3441787249,5,Conventionalist
3441608157,5,Conventionalist
3441783442,5,Conventionalist
3442651674,5,Conventionalist
3441953285,5,Conventionalist
3404214140,5,Conventionalist
3441703396,5,Conventionalist
3441778980,5,Conventionalist
3442585068,5,Conventionalist
3441603294,5,Conventionalist
3385577390,5,Conventionalist
3442546265,5,Conventionalist
3441766954,5,Conventionalist
3442540220,5,Conventionalist
3441766615,5,Conventionalist
3441597574,5,Conventionalist
3442519459,5,Conventionalist
3441753996,5,Conventionalist
3441753259,5,Conventionalist
3403462710,5,Conventionalist
3403300042,5,Conventionalist
3386586998,5,Conventionalist
3441744143,5,Conventionalist
3441594855,5,Conventionalist
3385519819,5,Conventionalist
3387462963,5,Conventionalist
3387445778,5,Conventionalist
3385333366,5,Conventionalist
3385331857,5,Conventionalist
3402011892,5,Conventionalist
3442355011,5,Conventionalist
3385416068,5,Conventionalist
3441733320,5,Conventionalist
3441732359,5,Conventionalist
3385491222,5,Conventionalist
3402875424,5,Conventionalist
3401980311,5,Conventionalist
3386371057,5,Conventionalist
3441985866,5,Conventionalist
3442235585,5,Conventionalist
3402822538,5,Conventionalist
3441582371,5,Conventionalist
3385483155,5,Conventionalist
3441581915,5,Conventionalist
3402799001,5,Conventionalist
3385311076,5,Conventionalist
3401946071,5,Conventionalist
3402743041,5,Conventionalist
3433088304,5,Conventionalist
3402721412,5,Conventionalist
3441917817,5,Conventionalist
3441638686,5,Conventionalist
3441576795,5,Conventionalist
3390451173,5,Conventionalist
3385442979,5,Conventionalist
3441900063,5,Conventionalist
3387848239,5,Conventionalist
3389905301,5,Conventionalist
3442109676,5,Conventionalist
3402125491,5,Conventionalist
3441625036,5,Conventionalist
3442102327,5,Conventionalist
3402079603,5,Conventionalist
3441595382,5,Conventionalist
3385675891,5,Conventionalist
3385335496,5,Conventionalist
3386542888,5,Conventionalist
3385426910,5,Conventionalist
3385333367,5,Conventionalist
3388807212,5,Conventionalist
3385843328,5,Conventionalist
3385500745,5,Conventionalist
3441571246,5,Conventionalist
3441817222,5,Conventionalist
3385827309,5,Conventionalist
3441655897,5,Conventionalist
3441568259,5,Conventionalist
3405596045,5,Conventionalist
3387173411,5,Conventionalist
3385787086,5,Conventionalist
3401962886,5,Conventionalist
3401960559,5,Conventionalist
3387065838,5,Conventionalist
3441646083,5,Conventionalist
3387052853,5,Conventionalist
3441562658,5,Conventionalist
3385598754,5,Conventionalist
3385737816,5,Conventionalist
3404061174,5,Conventionalist
3441924793,5,Conventionalist
3401757950,5,Conventionalist
3385447525,5,Conventionalist
3441599205,5,Conventionalist
3387914564,5,Conventionalist
3385713449,5,Conventionalist
3387872284,5,Conventionalist
3385556298,5,Conventionalist
3418669015,5,Conventionalist
3441625992,5,Conventionalist
3414695902,5,Conventionalist
3385530986,5,Conventionalist
3414343040,5,Conventionalist
3441623973,5,Conventionalist
3389658664,5,Conventionalist
3385339116,5,Conventionalist
3401783211,5,Conventionalist
3405285001,5,Conventionalist
3385674882,5,Conventionalist
3441610623,5,Conventionalist
3385619992,5,Conventionalist
3387421870,5,Conventionalist
3385848786,5,Conventionalist
3386445404,5,Conventionalist
3396154826,5,Conventionalist
3406082800,5,Conventionalist
3387278894,5,Conventionalist
3385639436,5,Conventionalist
3385395152,5,Conventionalist
3385724518,5,Conventionalist
3429084385,5,Conventionalist
3441719399,5,Conventionalist
3386737021,5,Conventionalist
3385298704,5,Conventionalist
3401768888,5,Conventionalist
3385552328,5,Conventionalist
3385312875,5,Conventionalist
3401948629,5,Conventionalist
3386154924,5,Conventionalist
3386591605,5,Conventionalist
3441777290,5,Conventionalist
3386297708,5,Conventionalist
3387962708,5,Conventionalist
3385305776,5,Conventionalist
3401755954,5,Conventionalist
3385386525,5,Conventionalist
3386345968,5,Conventionalist
3385710497,5,Conventionalist
3388780125,5,Conventionalist
3401754904,5,Conventionalist
3386640423,5,Conventionalist
3385415976,5,Conventionalist
3402906704,5,Conventionalist
3385292283,5,Conventionalist
3412885278,5,Conventionalist
3385683757,5,Conventionalist
3401758027,5,Conventionalist
3385635558,5,Conventionalist
3390475188,5,Conventionalist
3385444398,5,Conventionalist
3385384756,5,Conventionalist
3385619725,5,Conventionalist
3385709793,5,Conventionalist
3385423194,5,Conventionalist
3441678595,5,Conventionalist
3401859428,5,Conventionalist
3385410549,5,Conventionalist
3386426818,5,Conventionalist
3385591015,5,Conventionalist
3387724493,5,Conventionalist
3385360748,5,Conventionalist
3385306824,5,Conventionalist
3387118775,5,Conventionalist
3385784460,5,Conventionalist
3386349174,5,Conventionalist
3385423231,5,Conventionalist
3385438421,5,Conventionalist
3385355411,5,Conventionalist
3385498523,5,Conventionalist
3414382784,5,Conventionalist
3401917488,5,Conventionalist
3387618354,5,Conventionalist
3401858548,5,Conventionalist
3385361499,5,Conventionalist
3385622407,5,Conventionalist
3385570161,5,Conventionalist
3385299994,5,Conventionalist
3385552233,5,Conventionalist
3387319235,5,Conventionalist
3385297726,5,Conventionalist
3396128037,5,Conventionalist
3387949218,5,Conventionalist
3386429339,5,Conventionalist
3441574629,5,Conventionalist
3387798960,5,Conventionalist
3385536766,5,Conventionalist
